內政,民政,現行,中華民國國徽國旗法
內政,民政,現行,公葬條例
內政,民政,現行,地方民意代表費用支給及村里長事務補助費補助條例
內政,民政,現行,地方制度法
內政,民政,現行,國葬法
內政,民政,現行,祭祀公業條例
內政,民政,現行,監督寺廟條例
內政,民政,現行,獎章條例
內政,民政,現行,褒揚條例
內政,民政,現行,殯葬管理條例
內政,民政,廢止,市參議員選舉條例
內政,民政,廢止,市參議會組織條例
內政,民政,廢止,市組織法
內政,民政,廢止,服制條例
內政,民政,廢止,直轄市自治法
內政,民政,廢止,省政府組織法
內政,民政,廢止,省參議員選舉條例
內政,民政,廢止,省參議會組織條例
內政,民政,廢止,省縣自治法
內政,民政,廢止,海南建省籌備委員會組織條例
內政,民政,廢止,海南特區行政長官公署組織條例
內政,民政,廢止,高等考試及格人員縣長挑選條例
內政,民政,廢止,鄉鎮民代表選舉條例
內政,民政,廢止,鄉鎮組織暫行條例
內政,民政,廢止,管理喇嘛寺廟條例
內政,民政,廢止,臺灣省政府功能業務與組織調整暫行條例
內政,民政,廢止,墳墓設置管理條例
內政,民政,廢止,褒揚抗戰忠烈條例
內政,民政,廢止,縣行政人員任用條例
內政,民政,廢止,縣長任用法
內政,民政,廢止,縣長考績條例
內政,民政,廢止,縣參議員選舉條例
內政,民政,廢止,縣參議會組織條例
內政,民政,廢止,縣組織法
內政,民政,廢止,縣組織法施行法
內政,選務,現行,中央選舉委員會組織法
內政,選務,現行,公民投票法
內政,選務,現行,公職人員選舉罷免法
內政,選務,現行,總統副總統選舉罷免法
內政,選務,廢止,立法院立法委員選舉罷免法
內政,選務,廢止,立法院立法委員選舉罷免法施行條例
內政,選務,廢止,國民大會代表立法院立法委員選舉總事務所組織條例
內政,選務,廢止,國民大會代表立法院立法委員選舉補充條例
內政,選務,廢止,國民大會代表選舉法
內政,選務,廢止,國民大會代表選舉罷免法
內政,選務,廢止,國民大會代表選舉罷免法施行條例
內政,選務,廢止,監察院監察委員選舉罷免法
內政,選務,廢止,監察院監察委員選舉罷免法施行條例
內政,選務,廢止,總統副總統選舉罷免法（民國36年）
內政,戶政,現行,戶籍法
內政,戶政,現行,姓名條例
內政,戶政,現行,國籍法
內政,戶政,廢止,戶口普查法
內政,戶政,廢止,國籍法施行條例
內政,警政,現行,人口販運防制法
內政,警政,現行,中央警察大學組織條例
內政,警政,現行,內政部警政署組織法
內政,警政,現行,去氧核醣核酸採樣條例
內政,警政,現行,民防法
內政,警政,現行,自衛槍枝管理條例
內政,警政,現行,社會秩序維護法
內政,警政,現行,保全業法
內政,警政,現行,組織犯罪防制條例
內政,警政,現行,集會遊行法
內政,警政,現行,當舖業法
內政,警政,現行,槍砲彈藥刀械管制條例
內政,警政,現行,臺灣警察專科學校組織條例
內政,警政,現行,調度司法警察條例
內政,警政,現行,爆竹煙火管理條例
內政,警政,現行,證人保護法
內政,警政,現行,警械使用條例
內政,警政,現行,警察人員人事條例
內政,警政,現行,警察刑事紀錄證明核發條例
內政,警政,現行,警察服制條例
內政,警政,現行,警察法
內政,警政,現行,警察消防海巡移民空勤人員及協勤民力安全基金設置管理條例
內政,警政,現行,警察教育條例
內政,警政,現行,警察勤務條例
內政,警政,現行,警察獎章條例
內政,警政,現行,警察職權行使法
內政,警政,現行,竊盜犯贓物犯保安處分條例
內政,警政,廢止,內政部警政署水上警察局組織條例
內政,警政,廢止,內政部警政署民防防情指揮管制所組織條例
內政,警政,廢止,內政部警政署刑事警察局組織條例
內政,警政,廢止,內政部警政署保安警察總隊組織通則
內政,警政,廢止,內政部警政署航空警察局組織條例
內政,警政,廢止,內政部警政署國家公園警察大隊組織條例
內政,警政,廢止,內政部警政署國道公路警察局組織條例
內政,警政,廢止,內政部警政署組織條例
內政,警政,廢止,內政部警政署港務警察局組織通則
內政,警政,廢止,內政部警政署臺灣保安警察總隊組織條例
內政,警政,廢止,內政部警政署警察電訊所組織條例
內政,警政,廢止,內政部警政署警察廣播電臺組織條例
內政,警政,廢止,內政部警政署警察機械修理廠組織條例
內政,警政,廢止,內政部警政署鐵路警察局組織條例
內政,警政,廢止,各省市警察學校組織通則
內政,警政,廢止,防空法
內政,警政,廢止,防空疏散建築用地徵用領用條例
內政,警政,廢止,狩獵法
內政,警政,廢止,省保安司令部組織條例
內政,警政,廢止,省保安警察隊組織條例
內政,警政,廢止,省警務處組織法
內政,警政,廢止,財政部鹽務總局鹽警管理處組織條例
內政,警政,廢止,違警罰法
內政,警政,廢止,檢肅流氓條例
內政,警政,廢止,懲治盜匪條例
內政,警政,廢止,警察官任用條例
內政,警政,廢止,警察逃亡懲治條例
內政,消防防災,現行,內政部消防署組織條例
內政,消防防災,現行,內政部消防署港務消防隊組織通則
內政,消防防災,現行,行政院農業委員會組織條例
內政,消防防災,現行,災害防救法
內政,消防防災,現行,事業用爆炸物管理條例
內政,消防防災,現行,核子事故緊急應變法
內政,消防防災,現行,消防法
內政,消防防災,現行,國家災害防救科技中心設置條例
內政,消防防災,廢止,九二一震災重建暫行條例
內政,消防防災,廢止,莫拉克颱風災後重建特別條例
內政,人民團體,現行,人民團體法
內政,人民團體,現行,工會法
內政,人民團體,現行,工業團體法
內政,人民團體,現行,中央通訊社設置條例
內政,人民團體,現行,中央廣播電臺設置條例
內政,人民團體,現行,合作社法
內政,人民團體,現行,行政法人法
內政,人民團體,現行,財團法人原住民族文化事業基金會設置條例
內政,人民團體,現行,財團法人國家同步輻射研究中心設置條例
內政,人民團體,現行,財團法人國家衛生研究院設置條例
內政,人民團體,現行,商業團體法
內政,人民團體,現行,國家文化藝術基金會設置條例
內政,人民團體,現行,國際合作發展基金會設置條例
內政,人民團體,現行,教育會法
內政,人民團體,現行,農會法
內政,人民團體,現行,漁會法
內政,人民團體,現行,儲蓄互助社法
內政,人民團體,廢止,工業會法
內政,人民團體,廢止,中華民國紅十字會法
內政,人民團體,廢止,後備軍人會組織通則
內政,人民團體,廢止,商會法
內政,人民團體,廢止,商業同業公會法
內政,人民團體,廢止,廣播電視事業發展基金條例
內政,人民團體,廢止,輸出業同業公會法
內政,役政,現行,內政部役政署組織法
內政,役政,現行,兵役法
內政,役政,現行,兵役法施行法
內政,役政,現行,妨害兵役治罪條例
內政,役政,現行,志願士兵服役條例
內政,役政,現行,後備軍人轉任公職考試比敘條例
內政,役政,現行,推動募兵制暫行條例
內政,役政,現行,替代役實施條例
內政,役政,廢止,內政部役政署組織條例
內政,空中勤務,現行,內政部空中勤務總隊組織法
內政,入出國,現行,入出國及移民法
內政,入出國,現行,內政部移民署組織法
內政,入出國,現行,華僑身分證明條例
內政,入出國,廢止,工人出國條例
內政,內政政務,現行,內政部組織法
內政,內政政務,廢止,國民義務勞動法
外交僑務,領務,現行,外交部及駐外館處文件證明條例
外交僑務,領務,現行,外交部領事事務局組織條例
外交僑務,領務,現行,外交部領事事務局組織法
外交僑務,領務,現行,外國護照簽證條例
外交僑務,領務,現行,護照條例
外交僑務,領務,廢止,駐外使領館人員任用條例
外交僑務,國際新聞,現行,行政院新聞局組織條例
外交僑務,國際新聞,現行,行政院新聞局駐外新聞機構組織通則
外交僑務,國際組織,現行,中華民國常駐聯合國代表團組織條例
外交僑務,國際關係,現行,公民與政治權利國際公約及經濟社會文化權利國際公約施行法
外交僑務,國際關係,現行,外交部外交及國際事務學院組織法
外交僑務,國際關係,現行,身心障礙者權利公約施行法
外交僑務,國際關係,現行,兒童權利公約施行法
外交僑務,國際關係,現行,消除對婦女一切形式歧視公約施行法
外交僑務,國際關係,現行,國際合作發展法
外交僑務,國際關係,現行,條約締結法
外交僑務,國際關係,現行,資恐防制法
外交僑務,國際關係,現行,聯合國反貪腐公約施行法
外交僑務,國際關係,廢止,解決國家與他國國民間投資爭端公約施行條例
外交僑務,僑務,現行,僑務委員會組織法
外交僑務,僑務,廢止,僑務委員會駐各口岸僑務局組織條例
外交僑務,僑民經濟,現行,華僑回國投資條例
外交僑務,兩岸政務,現行,行政院大陸委員會組織條例
外交僑務,兩岸政務,現行,臺灣地區與大陸地區人民關係條例
外交僑務,兩岸政務,廢止,光復大陸設計研究委員會組織條例
外交僑務,兩岸經貿,現行,在臺公司大陸地區股東股權行使條例
外交僑務,港澳事務,現行,香港澳門關係條例
外交僑務,蒙藏事務,現行,蒙藏委員會組織法
外交僑務,蒙藏事務,現行,蒙藏族身分證明條例
外交僑務,蒙藏事務,現行,蒙藏邊區人員任用條例
外交僑務,蒙藏事務,廢止,蒙古盟部旗組織法
外交僑務,蒙藏事務,廢止,蒙藏委員會流亡蒙胞就業就學輔導委員會組織條例
外交僑務,外交政務,現行,中華民國領海及鄰接區法
外交僑務,外交政務,現行,引渡法
外交僑務,外交政務,現行,外交部外交領事人員講習所組織條例
外交僑務,外交政務,現行,外交部組織法
外交僑務,外交政務,現行,涉外民事法律適用法
外交僑務,外交政務,現行,駐外外交領事人員任用條例
外交僑務,外交政務,現行,駐外使領館組織條例
外交僑務,外交政務,現行,駐外機構組織通則
外交僑務,外交政務,現行,駐華外國機構及其人員特權暨豁免條例
外交僑務,外交政務,廢止,中美共同防禦期間處理在華美軍人員刑事案件條例
外交僑務,外交政務,廢止,外交部特派員公署組織條例
國防退輔,政治作戰,現行,國防部政治作戰局組織法
國防退輔,政治作戰,廢止,妨害軍機治罪條例
國防退輔,政治作戰,廢止,國防部總政治作戰局組織條例
國防退輔,國防人事,現行,空軍勛獎條例
國防退輔,國防人事,現行,軍人及其家屬優待條例
國防退輔,國防人事,現行,軍人保險條例
國防退輔,國防人事,現行,軍人待遇條例
國防退輔,國防人事,現行,軍人撫卹條例
國防退輔,國防人事,現行,軍公教遺族就學費用優待條例
國防退輔,國防人事,現行,軍法人員轉任司法官條例
國防退輔,國防人事,現行,陸海空軍軍官士官任官條例
國防退輔,國防人事,現行,陸海空軍軍官士官任職條例
國防退輔,國防人事,現行,陸海空軍軍官士官考績條例
國防退輔,國防人事,現行,陸海空軍軍官士官服役條例
國防退輔,國防人事,現行,陸海空軍獎勵條例
國防退輔,國防人事,現行,陸海空軍勳賞條例
國防退輔,國防人事,現行,陸海空軍懲罰法
國防退輔,國防人事,現行,戰士授田憑據處理條例
國防退輔,國防人事,廢止,空軍軍官佐任職暫行條例
國防退輔,國防人事,廢止,軍人婚姻條例
國防退輔,國防人事,廢止,特級上將授任條例
國防退輔,國防人事,廢止,特種考試復員軍官佐轉業考試及格人員轉任文職條例
國防退輔,國防人事,廢止,陸軍中將加銜暫行條例
國防退輔,國防人事,廢止,陸軍軍官佐任職暫行條例
國防退輔,國防人事,廢止,陸海空軍士官服役條例
國防退輔,國防人事,廢止,陸海空軍軍官任官條例
國防退輔,國防人事,廢止,陸海空軍軍官服役條例
國防退輔,國防人事,廢止,國軍軍官佐考績條例
國防退輔,國防人事,廢止,戰地公務人員管理條例
國防退輔,國防人事,廢止,戰時全國技術員工管制條例
國防退輔,作戰訓練,現行,全民防衛動員準備法
國防退輔,作戰訓練,現行,全民國防教育法
國防退輔,作戰訓練,現行,軍事教育條例
國防退輔,作戰訓練,現行,海上捕獲條例
國防退輔,作戰訓練,現行,國防部參謀本部組織法
國防退輔,作戰訓練,現行,戰時禁制品條例
國防退輔,作戰訓練,廢止,軍事徵用法
國防退輔,作戰訓練,廢止,國防部參謀本部組織條例（民國67年）
國防退輔,作戰訓練,廢止,國家總動員法
國防退輔,作戰訓練,廢止,戰時交通電業設備及器材防護條例
國防退輔,軍事審判,現行,軍事審判法
國防退輔,軍事審判,現行,軍事審判法施行法
國防退輔,軍事審判,現行,海上捕獲法庭審判條例
國防退輔,軍事審判,現行,陸海空軍刑法
國防退輔,軍事審判,廢止,戰爭罪犯審判條例
國防退輔,軍事審判,廢止,戰時軍律
國防退輔,軍醫,現行,國防部軍醫局組織法
國防退輔,軍醫,現行,榮民總醫院組織通則
國防退輔,軍醫,廢止,國防部軍醫局組織條例
國防退輔,國防主計,現行,國防部主計局組織法
國防退輔,國防主計,廢止,國防部主計局組織條例
國防退輔,軍備,現行,國防工業發展基金設置條例
國防退輔,軍備,現行,國防部軍備局組織法
國防退輔,軍備,現行,國家中山科學研究院設置條例
國防退輔,軍備,現行,殺傷性地雷管制條例
國防退輔,軍備,現行,漢翔航空工業股份有限公司設置條例
國防退輔,軍備,廢止,兵工廠組織條例
國防退輔,軍備,廢止,國防部軍備局組織條例
國防退輔,退輔,現行,國軍退除役官兵輔導委員會組織法
國防退輔,退輔,現行,國軍退除役官兵輔導條例
國防退輔,退輔,廢止,反共抗俄戰士授田條例
國防退輔,退輔,廢止,行政院國軍退除役官兵輔導委員會組織條例
國防退輔,退輔,廢止,特種考試國軍退除役醫事人員執業資格考試條例
國防退輔,國防政務,現行,要塞堡壘地帶法
國防退輔,國防政務,現行,陸海空軍服制條例
國防退輔,國防政務,現行,陸海空軍軍旗條例
國防退輔,國防政務,現行,國防部組織法
國防退輔,國防政務,現行,國軍老舊眷村改建條例
國防退輔,國防政務,現行,國軍軍事勤務致人民傷亡損害補償條例
國防退輔,國防政務,現行,鐵路軍事運輸條例
國防退輔,國防政務,廢止,妨害國家總動員懲罰暫行條例
國防退輔,國防政務,廢止,空軍服制條例
國防退輔,國防政務,廢止,空軍軍旗條例
國防退輔,國防政務,廢止,金門馬祖東沙南沙地區安全及輔導條例
國防退輔,國防政務,廢止,非常時期農礦工商管理條例
國防退輔,國防政務,廢止,省防空司令部組織條例
國防退輔,國防政務,廢止,海軍服制條例
國防退輔,國防政務,廢止,海軍旗章條例
國防退輔,國防政務,廢止,海軍禮節條例
國防退輔,國防政務,廢止,陸軍大學校組織法
國防退輔,國防政務,廢止,陸軍服制條例
國防退輔,國防政務,廢止,陸軍軍旗條例
國防退輔,國防政務,廢止,陸軍禮節條例
國防退輔,國防政務,廢止,衛戍條例
國防退輔,國防政務,廢止,戰略顧問委員會組織條例
國防退輔,國防政策,現行,國防法
財政金融,貨幣,現行,妨害國幣懲治條例
財政金融,貨幣,現行,現行法規所定貨幣單位折算新臺幣條例
財政金融,貨幣,廢止,中央造幣廠組織法
財政金融,貨幣,廢止,中華民國三十八年愛國公債條例
財政金融,貨幣,廢止,利率管理條例
財政金融,外匯,現行,日據時代株式會社台灣銀行海外分支機構存款及匯款處理條例
財政金融,外匯,現行,民國三十八年整理美金公債條例
財政金融,外匯,現行,民國三十六年美金公債條例
財政金融,外匯,現行,管理外匯條例
財政金融,賦稅,現行,土地稅法
財政金融,賦稅,現行,加值型及非加值型營業稅法
財政金融,賦稅,現行,印花稅法
財政金融,賦稅,現行,地方稅法通則
財政金融,賦稅,現行,使用牌照稅法
財政金融,賦稅,現行,房屋稅條例
財政金融,賦稅,現行,所得基本稅額條例
財政金融,賦稅,現行,所得稅法
財政金融,賦稅,現行,契稅條例
財政金融,賦稅,現行,娛樂稅法
財政金融,賦稅,現行,特種貨物及勞務稅條例
財政金融,賦稅,現行,財政部各地區國稅局組織通則
財政金融,賦稅,現行,財政部財稅人員訓練所組織條例
財政金融,賦稅,現行,財政部財稅資料中心組織條例
財政金融,賦稅,現行,財政部賦稅署組織法
財政金融,賦稅,現行,財政部賦稅署組織條例
財政金融,賦稅,現行,財務罰鍰處理暫行條例
財政金融,賦稅,現行,規費法
財政金融,賦稅,現行,貨物稅條例
財政金融,賦稅,現行,期貨交易稅條例
財政金融,賦稅,現行,稅捐稽徵法
財政金融,賦稅,現行,菸酒稅法
財政金融,賦稅,現行,遺產及贈與稅法
財政金融,賦稅,現行,證券交易稅條例
財政金融,賦稅,廢止,中華民國七十一年度所得稅稅率條例
財政金融,賦稅,廢止,中華民國七十七年度所得稅稅率條例
財政金融,賦稅,廢止,中華民國七十九年度所得稅稅率條例
財政金融,賦稅,廢止,中華民國七十二年度所得稅稅率條例
財政金融,賦稅,廢止,中華民國七十八年度所得稅稅率條例
財政金融,賦稅,廢止,中華民國七十三年度所得稅稅率條例
財政金融,賦稅,廢止,中華民國七十五年度所得稅稅率條例
財政金融,賦稅,廢止,中華民國七十六年度所得稅稅率條例
財政金融,賦稅,廢止,中華民國七十四年度所得稅稅率條例
財政金融,賦稅,廢止,中華民國七十年度所得稅稅率條例
財政金融,賦稅,廢止,中華民國八十年度所得稅稅率條例
財政金融,賦稅,廢止,中華民國六十一年度所得稅稅率條例
財政金融,賦稅,廢止,中華民國六十七年度所得稅稅率條例
財政金融,賦稅,廢止,中華民國六十九年度所得稅稅率條例
財政金融,賦稅,廢止,中華民國六十八年度所得稅稅率條例
財政金融,賦稅,廢止,中華民國六十三年度所得稅稅率條例
財政金融,賦稅,廢止,中華民國六十五年度所得稅稅率條例
財政金融,賦稅,廢止,中華民國六十六年度所得稅稅率條例
財政金融,賦稅,廢止,中華民國六十四年度所得稅稅率條例
財政金融,賦稅,廢止,中華民國六十年度所得稅稅率條例
財政金融,賦稅,廢止,田賦徵收實物條例
財政金融,賦稅,廢止,財政部稅務署組織法
財政金融,賦稅,廢止,勘報災歉條例
財政金融,賦稅,廢止,國產菸酒類稅條例
財政金融,賦稅,廢止,屠宰稅法
財政金融,賦稅,廢止,電話電報臨時捐徵收條例
財政金融,賦稅,廢止,筵席及娛樂稅法
財政金融,賦稅,廢止,獎勵投資條例
財政金融,賦稅,廢止,遺產稅法
財政金融,賦稅,廢止,鹽稅計徵條例
財政金融,關務,現行,海關緝私條例
財政金融,關務,現行,財政部關務署組織法
財政金融,關務,現行,財政部關稅總局各地區關稅局組織通則
財政金融,關務,現行,財政部關稅總局組織條例
財政金融,關務,現行,懲治走私條例
財政金融,關務,現行,關務人員人事條例
財政金融,關務,現行,關稅法
財政金融,關務,廢止,財政部關務署組織法（民國25年）
財政金融,金融,現行,公務人員退休撫卹基金管理條例
財政金融,金融,現行,公務人員退休撫卹基金監理委員會組織條例
財政金融,金融,現行,公務人員退休撫卹基金管理委員會組織條例
財政金融,金融,現行,行政院金融重建基金設置及管理條例
財政金融,金融,現行,金融消費者保護法
財政金融,金融,現行,金融資產證券化條例
財政金融,金融,現行,金融監督管理委員會組織法
財政金融,金融,現行,金融監督管理委員會檢查局組織法
財政金融,金融,現行,金融機構合併法
財政金融,金融,現行,信託法
財政金融,金融,現行,信託業法
財政金融,金融,現行,洗錢防制法
財政金融,金融,現行,財政部金融局組織條例
財政金融,金融,現行,國立大學校院校務基金設置條例
財政金融,金融,現行,國立高級中等學校校務基金設置條例
財政金融,金融,現行,國家金融安定基金設置及管理條例
財政金融,金融,現行,票券金融管理法
財政金融,金融,現行,勞動部勞動基金運用局組織法
財政金融,金融,現行,農業金融法
財政金融,金融,現行,臺灣地區砂糖平準基金條例
財政金融,金融,廢止,國立中央研究院基金條例
財政金融,金融,廢止,勞工退休基金監理會組織法
財政金融,金融,廢止,煤業安定基金條例
財政金融,銀行,現行,中央信託局條例
財政金融,銀行,現行,中央銀行法
財政金融,銀行,現行,中國輸出入銀行條例
財政金融,銀行,現行,金融控股公司法
財政金融,銀行,現行,金融監督管理委員會銀行局組織法
財政金融,銀行,現行,信用合作社法
財政金融,銀行,現行,消費者債務清理條例
財政金融,銀行,現行,財政部各地區支付處組織通則
財政金融,銀行,現行,國際金融業務條例
財政金融,銀行,現行,票據法
財政金融,銀行,現行,臺灣金融控股股份有限公司條例
財政金融,銀行,現行,銀行法
財政金融,銀行,現行,銀行業戰前存款放款清償條例
財政金融,銀行,廢止,中國國際商業銀行條例
財政金融,銀行,廢止,中國農民銀行兼辦土地金融業務條例
財政金融,銀行,廢止,中國農民銀行條例
財政金融,銀行,廢止,交通銀行條例
財政金融,銀行,廢止,合作金庫條例
財政金融,銀行,廢止,省銀行條例
財政金融,銀行,廢止,振興經濟消費券發放特別條例
財政金融,銀行,廢止,國家銀行職員任免條例
財政金融,銀行,廢止,票據法施行法
財政金融,銀行,廢止,縣銀行法
財政金融,銀行,廢止,興建國民住宅貸款條例
財政金融,證券期貨,現行,不動產證券化條例
財政金融,證券期貨,現行,金融監督管理委員會證券期貨局組織法
財政金融,證券期貨,現行,財政部證券暨期貨管理委員會組織條例
財政金融,證券期貨,現行,期貨交易法
財政金融,證券期貨,現行,無線電視事業公股處理條例
財政金融,證券期貨,現行,證券交易法
財政金融,證券期貨,現行,證券投資人及期貨交易人保護法
財政金融,證券期貨,現行,證券投資信託及顧問法
財政金融,證券期貨,廢止,國外期貨交易法
財政金融,保險,現行,存款保險條例
財政金融,保險,現行,金融監督管理委員會保險局組織法
財政金融,保險,現行,保險法
財政金融,保險,現行,強制汽車責任保險法
財政金融,保險,現行,衛生福利部中央健康保險署組織法
財政金融,保險,現行,簡易人壽保險法
財政金融,保險,廢止,中央再保險公司條例
財政金融,國有財產,現行,財政部國有財產局各地區辦事處組織通則
財政金融,國有財產,現行,財政部國有財產局組織條例
財政金融,國有財產,現行,財政部國有財產署組織法
財政金融,國有財產,現行,國有財產法
財政金融,國庫,現行,中央政府建設公債及借款條例
財政金融,國庫,現行,中央政府興建臺灣北部區域第二高速公路建設公債發行條例
財政金融,國庫,現行,中央政府興建臺灣區高速公路第一期工程建設公債發行條例
財政金融,國庫,現行,中國農民銀行土地債券法
財政金融,國庫,現行,中華民國五十七年度愛國公債發行條例
財政金融,國庫,現行,中華民國五十五年度愛國公債發行條例
財政金融,國庫,現行,中華民國五十六年度愛國公債發行條例
財政金融,國庫,現行,中華民國六十一年度公債發行條例
財政金融,國庫,現行,中華民國六十二年度公債發行條例
財政金融,國庫,現行,公共債務法
財政金融,國庫,現行,公庫法
財政金融,國庫,現行,公益彩券發行條例
財政金融,國庫,現行,民國二十三年六釐英金庚款公債條例
財政金融,國庫,現行,民國二十三年第一期鐵路建設公債條例
財政金融,國庫,現行,民國二十六年京贛鐵路建設公債條例
財政金融,國庫,現行,民國三十八年黃金短期公債條例
財政金融,國庫,現行,政府發展經濟社會向國外借款及保證條例
財政金融,國庫,現行,財政收支劃分法
財政金融,國庫,現行,財政部國庫署組織法
財政金融,國庫,現行,財政部國庫署組織條例
財政金融,國庫,現行,國庫券及短期借款條例
財政金融,國庫,現行,國庫法
財政金融,國庫,現行,第二期鐵路建設公債條例
財政金融,國庫,現行,第三期鐵路建設公債條例
財政金融,國庫,現行,菸酒管理法
財政金融,國庫,現行,運動彩券發行條例
財政金融,國庫,現行,臺灣菸酒股份有限公司條例
財政金融,國庫,廢止,中央政府興建臺灣區高速公路第二期工程建設公債發行條例
財政金融,國庫,廢止,中華民國五十一年短期公債發行條例
財政金融,國庫,廢止,中華民國五十七年度公債發行條例
財政金融,國庫,廢止,中華民國五十九年度公債發行條例
財政金融,國庫,廢止,中華民國五十八年度公債發行條例
財政金融,國庫,廢止,中華民國五十三年度公債發行條例
財政金融,國庫,廢止,中華民國五十五年度公債發行條例
財政金融,國庫,廢止,中華民國五十六年度公債發行條例
財政金融,國庫,廢止,中華民國五十四年度公債發行條例
財政金融,國庫,廢止,中華民國五十年短期公債發行條例
財政金融,國庫,廢止,中華民國六十三年度公債發行條例
財政金融,國庫,廢止,中華民國六十四年度公債發行條例
財政金融,國庫,廢止,中華民國六十年度公債發行條例
財政金融,國庫,廢止,省（市）政府建設公債發行條例
財政金融,國庫,廢止,臺北市自來水工程建設公債發行條例
財政金融,國庫,廢止,臺灣地區公共建設土地債券發行條例
財政金融,國庫,廢止,臺灣地區平均地權土地債券發行條例
財政金融,國庫,廢止,臺灣省內菸酒專賣暫行條例
財政金融,國庫,廢止,臺灣省實物土地債券條例
財政金融,國庫,廢止,臺灣省糧食實物債券條例
財政金融,國庫,廢止,臺灣鐵路電氣化工程建設公債發行條例
財政金融,國庫,廢止,興建臺中港第一期工程建設公債發行條例
財政金融,國庫,廢止,興建臺中港第二期工程建設公債發行條例
財政金融,國庫,廢止,興建臺中港第三期工程建設公債發行條例
財政金融,政府採購,現行,政府採購法
財政金融,政府採購,廢止,機關營繕工程及購置定製變賣財物稽察條例
財政金融,財政政務,現行,財政部財政資訊中心組織法
財政金融,財政政務,現行,財政部組織法
教育,高等教育,現行,大學法
教育,高等教育,現行,學位授予法
教育,高等教育,廢止,名譽博士學位授予條例
教育,高等教育,廢止,國立中國醫藥研究所組織條例
教育,高等教育,廢止,教育部醫學教育委員會組織條例
教育,高等教育,廢止,博士學位評定會組織條例
教育,技職教育,現行,技術及職業教育法
教育,技職教育,現行,專科學校法
教育,技職教育,廢止,職業學校法
教育,中等教育,現行,公立國民小學及國民中學委託私人辦理條例
教育,中等教育,現行,高級中等以下教育階段非學校型態實驗教育實施條例
教育,中等教育,現行,高級中等教育法
教育,中等教育,現行,高級中等學校建教合作實施及建教生權益保障法
教育,中等教育,廢止,九年國民教育實施條例
教育,中等教育,廢止,中學法
教育,中等教育,廢止,高級中學法
教育,國民教育,現行,國民教育法
教育,國民教育,現行,強迫入學條例
教育,國民教育,現行,教育部國民及學前教育署組織法
教育,國民教育,廢止,國民學校法
教育,國民教育,廢止,教育部國民教育輔導研究委員會組織條例
教育,社會教育,現行,性別平等教育法
教育,社會教育,現行,空中大學設置條例
教育,社會教育,現行,家庭教育法
教育,社會教育,現行,國立公共資訊圖書館組織法
教育,社會教育,現行,國立自然科學博物館組織法
教育,社會教育,現行,國立科學工藝博物館組織法
教育,社會教育,現行,國立海洋生物博物館組織法
教育,社會教育,現行,國立海洋科技博物館組織法
教育,社會教育,現行,國立臺灣科學教育館組織法
教育,社會教育,現行,國立臺灣圖書館組織法
教育,社會教育,現行,國家圖書館組織法
教育,社會教育,現行,終身學習法
教育,社會教育,現行,博物館法
教育,社會教育,現行,補習及進修教育法
教育,社會教育,現行,圖書館法
教育,社會教育,現行,學校型態實驗教育實施條例
教育,社會教育,現行,藝術教育法
教育,社會教育,廢止,社會教育法
教育,社會教育,廢止,國立中央圖書館臺灣分館組織條例
教育,社會教育,廢止,國立中正文化中心設置條例
教育,社會教育,廢止,國立北平研究院組織條例
教育,社會教育,廢止,國立北平圖書館組織條例
教育,社會教育,廢止,國立甘肅科學教育館組織條例
教育,社會教育,廢止,國立自然科學博物館組織條例
教育,社會教育,廢止,國立教育資料館組織條例
教育,社會教育,廢止,國立臺灣科學教育館組織條例
教育,社會教育,廢止,國立臺灣藝術教育館組織條例
教育,社會教育,廢止,國立蘭州圖書館組織條例
教育,社會教育,廢止,國家圖書館組織條例
教育,學前教育,現行,幼兒教育及照顧法
教育,學前教育,廢止,幼稚教育法
教育,師範教育,現行,師資培育法
教育,師範教育,廢止,師範學校法
教育,特殊教育,現行,特殊教育法
教育,國際文教,現行,統一中外地名譯文委員會組織條例
教育,體育,現行,國民體育法
教育,體育,現行,國家運動訓練中心設置條例
教育,體育,現行,教育部體育署組織法
教育,體育,現行,運動產業發展條例
教育,體育,廢止,行政院體育委員會組織條例
教育,體育,廢止,教育部國民體育委員會組織條例
教育,體育,廢止,教育部國民體育委員會組織條例（民國34年）
教育,學生事務,現行,各級學校扶助學生就學勸募條例
教育,學生事務,現行,學生輔導法
教育,學生事務,廢止,教育部訓育委員會組織條例
教育,教育政務,現行,私立學校法
教育,教育政務,現行,國立教育廣播電臺組織法
教育,教育政務,現行,國家教育研究院組織法
教育,教育政務,現行,教育人員任用條例
教育,教育政務,現行,教育部組織法
教育,教育政務,現行,教育經費編列與管理法
教育,教育政務,現行,教師法
教育,教育政務,現行,教師待遇條例
教育,教育政務,現行,學校法人及其所屬私立學校教職員退休撫卹離職資遣條例
教育,教育政務,現行,學校教職員退休條例
教育,教育政務,現行,學校教職員撫卹條例
教育,教育政務,現行,學校衛生法
教育,教育政務,廢止,私立學校教職員保險條例
教育,教育政務,廢止,捐資興學褒獎條例
教育,教育政務,廢止,國立教育廣播電臺分臺組織通則
教育,教育政務,廢止,國立教育廣播電臺組織條例
教育,教育政務,廢止,國立編譯館組織條例
教育,教育政務,廢止,教育部國語推行委員會組織條例
教育,教育政務,廢止,教育部教育研究委員會組織條例
教育,教育政務,廢止,教育部學術審議委員會組織條例
教育,教育政策,現行,教育基本法
法務,法律事務,現行,二二八事件處理及賠償條例
法務,法律事務,現行,中央法規標準法
法務,法律事務,現行,公證法
法務,法律事務,現行,民事訴訟法
法務,法律事務,現行,民事訴訟法施行法
法務,法律事務,現行,生產事故救濟條例
法務,法律事務,現行,仲裁法
法務,法律事務,現行,刑事補償法
法務,法律事務,現行,行政執行法
法務,法律事務,現行,行政程序法
法務,法律事務,現行,行政訴訟法
法務,法律事務,現行,戒嚴時期人民受損權利回復條例
法務,法律事務,現行,戒嚴時期不當叛亂暨匪諜審判案件補償條例
法務,法律事務,現行,法務部行政執行署組織法
法務,法律事務,現行,非訟事件法
法務,法律事務,現行,核子損害賠償法
法務,法律事務,現行,國家賠償法
法務,法律事務,現行,強制執行法
法務,法律事務,現行,鄉鎮市調解條例
法務,法律事務,現行,提存法
法務,法律事務,現行,訴願法
法務,法律事務,現行,管收條例
法務,法律事務,現行,請願法
法務,法律事務,廢止,中央法規制定標準法
法務,法律事務,廢止,公證費用法
法務,法律事務,廢止,行政執行處組織通則
法務,法律事務,廢止,法律施行日期條例
法務,法律事務,廢止,法律廢止條例
法務,法律事務,廢止,法務部行政執行署組織條例
法務,法律事務,廢止,非訟事件費用法
法務,法律事務,廢止,罰金罰鍰提高標準條例
法務,檢察事務,現行,中華民國七十七年罪犯減刑條例
法務,檢察事務,現行,中華民國九十六年罪犯減刑條例
法務,檢察事務,現行,中華民國八十年罪犯減刑條例
法務,檢察事務,現行,中華民國六十四年罪犯減刑條例
法務,檢察事務,現行,中華民國六十年罪犯減刑條例
法務,檢察事務,現行,公設辯護人條例
法務,檢察事務,現行,外國法院委託事件協助法
法務,檢察事務,現行,性侵害犯罪防治法
法務,檢察事務,現行,律師法
法務,檢察事務,現行,赦免法
法務,檢察事務,現行,跨國移交受刑人法
法務,檢察事務,現行,羈押法
法務,矯正事務,現行,少年事件處理法
法務,矯正事務,現行,少年輔育院條例
法務,矯正事務,現行,少年矯正學校設置及教育實施通則
法務,矯正事務,現行,少年觀護所設置及實施通則
法務,矯正事務,現行,外役監條例
法務,矯正事務,現行,行刑累進處遇條例
法務,矯正事務,現行,戒治處分執行條例
法務,矯正事務,現行,法務部矯正署組織法
法務,矯正事務,現行,保安處分執行法
法務,矯正事務,現行,監獄行刑法
法務,矯正事務,現行,觀察勒戒處分執行條例
法務,矯正事務,廢止,法務部戒治所組織通則
法務,矯正事務,廢止,法務部技能訓練所組織條例
法務,矯正事務,廢止,法務部矯正人員訓練所組織條例
法務,矯正事務,廢止,看守所組織通則
法務,矯正事務,廢止,戡亂時期監所人犯處理條例
法務,矯正事務,廢止,監獄組織通則
法務,保護業務,現行,犯罪被害人保護法
法務,保護業務,現行,更生保護法
法務,保護業務,現行,兒童及少年性剝削防制條例
法務,保護業務,現行,性騷擾防治法
法務,保護業務,現行,油症患者健康照護服務條例
法務,保護業務,現行,法律扶助法
法務,政風工作,現行,法務部廉政署組織法
法務,政風工作,現行,政風機構人員設置管理條例
法務,政風工作,現行,貪污治罪條例
法務,調查工作,現行,法務部法醫研究所組織法
法務,調查工作,現行,法務部調查局組織法
法務,調查工作,現行,法務部調查局幹部訓練所組織條例
法務,調查工作,現行,法醫師法
法務,調查工作,廢止,法務部法醫研究所組織條例
法務,民法,現行,民刑事訴訟卷宗滅失案件處理法
法務,民法,現行,民法物權編施行法
法務,民法,現行,民法第一編總則
法務,民法,現行,民法第二編債
法務,民法,現行,民法第三編物權
法務,民法,現行,民法第五編繼承
法務,民法,現行,民法第四編親屬
法務,民法,現行,民法債編施行法
法務,民法,現行,民法親屬編施行法
法務,民法,現行,民法總則施行法
法務,民法,現行,民法繼承編施行法
法務,民法,現行,家事事件法
法務,民法,現行,破產法
法務,民法,現行,破產法施行法
法務,民法,現行,動產擔保交易法
法務,民法,廢止,民事訴訟合意選定法官審判暫行條例
法務,民法,廢止,民事訴訟費用法
法務,刑法,現行,中華民國刑法
法務,刑法,現行,中華民國刑法施行法
法務,刑法,現行,刑事妥速審判法
法務,刑法,現行,刑事訴訟法
法務,刑法,現行,刑事訴訟法施行法
法務,刑法,現行,毒品危害防制條例
法務,刑法,現行,提審法
法務,刑法,現行,殘害人群治罪條例
法務,刑法,廢止,違反糧食管理治罪條例
法務,刑法,廢止,戡亂時期檢肅匪諜條例
法務,刑法,廢止,懲治叛亂條例
法務,訴訟法,現行,行政訴訟法施行法
法務,訴訟法,現行,智慧財產案件審理法
法務,行政法,現行,行政罰法
法務,人權保障,現行,人工生殖法
法務,人權保障,現行,人類免疫缺乏病毒傳染防治及感染者權益保障條例
法務,人權保障,現行,安寧緩和醫療條例
法務,人權保障,現行,個人資料保護法
法務,人權保障,現行,病人自主權利法
法務,人權保障,現行,通訊保障及監察法
法務,人權保障,現行,漢生病病患人權保障及補償條例
法務,法務政務,現行,法務部司法官學院組織法
法務,法務政務,現行,法務部組織法
法務,法務政務,廢止,法務部司法官訓練所組織條例
經濟貿易,工業,現行,工業技術研究院設置條例
經濟貿易,工業,現行,工廠法
經濟貿易,工業,現行,工廠管理輔導法
經濟貿易,工業,現行,冷凍空調業管理條例
經濟貿易,工業,現行,經濟部工業局組織條例
經濟貿易,工業,廢止,工廠法施行條例
經濟貿易,商業,現行,工程技術顧問公司管理條例
經濟貿易,商業,現行,公司法
經濟貿易,商業,現行,多層次傳銷管理法
經濟貿易,商業,現行,海商法
經濟貿易,商業,現行,記帳士法
經濟貿易,商業,現行,商品標示法
經濟貿易,商業,現行,商業登記法
經濟貿易,商業,現行,商業會計法
經濟貿易,商業,現行,零售市場管理條例
經濟貿易,商業,現行,電子支付機構管理條例
經濟貿易,商業,現行,電子遊戲場業管理條例
經濟貿易,商業,現行,電子簽章法
經濟貿易,商業,廢止,度量衡器及計量器營業條例
經濟貿易,中小企業,現行,中小企業發展條例
經濟貿易,中小企業,現行,企業併購法
經濟貿易,中小企業,現行,有限合夥法
經濟貿易,中小企業,現行,經濟部中小企業處組織條例
經濟貿易,國際貿易,現行,因應貿易自由化調整支援條例
經濟貿易,國際貿易,現行,自由貿易港區設置管理條例
經濟貿易,國際貿易,現行,貿易法
經濟貿易,國際貿易,現行,經濟部國際貿易局所屬各辦事處組織通則
經濟貿易,國際貿易,現行,經濟部國際貿易局組織條例
經濟貿易,國際經濟,廢止,技術合作條例
經濟貿易,投資業務,現行,外國人投資條例
經濟貿易,投資業務,現行,促進民間參與公共建設法
經濟貿易,投資業務,現行,獎勵民間參與交通建設條例
經濟貿易,投資業務,廢止,擴大公共建設投資特別條例
經濟貿易,加工出口,現行,加工出口區設置管理條例
經濟貿易,加工出口,現行,經濟部加工出口區管理處組織條例
經濟貿易,加工出口,現行,經濟部加工出口區管理處所屬各分處組織通則
經濟貿易,加工出口,廢止,經濟部高雄加工出口區管理處組織條例
經濟貿易,智慧財產,現行,商標法
經濟貿易,智慧財產,現行,商標審查官資格條例
經濟貿易,智慧財產,現行,專利法
經濟貿易,智慧財產,現行,專利師法
經濟貿易,智慧財產,現行,專利審查官資格條例
經濟貿易,智慧財產,現行,智慧財產法院組織法
經濟貿易,智慧財產,現行,著作權法
經濟貿易,智慧財產,現行,著作權集體管理團體條例
經濟貿易,智慧財產,現行,經濟部智慧財產局組織條例
經濟貿易,智慧財產,現行,積體電路電路布局保護法
經濟貿易,智慧財產,現行,營業秘密法
經濟貿易,檢驗,現行,光碟管理條例
經濟貿易,檢驗,現行,商品檢驗法
經濟貿易,檢驗,現行,經濟部標準檢驗局所屬各分局組織通則
經濟貿易,檢驗,現行,經濟部標準檢驗局組織條例
經濟貿易,檢驗,廢止,經濟部商品檢驗局所屬各分局組織通則
經濟貿易,檢驗,廢止,經濟部商品檢驗局組織條例
經濟貿易,標準,現行,度量衡法
經濟貿易,標準,現行,標準法
經濟貿易,標準,廢止,經濟部中央標準局組織條例
經濟貿易,能源,現行,天然氣事業法
經濟貿易,能源,現行,石油管理法
經濟貿易,能源,現行,再生能源發展條例
經濟貿易,能源,現行,能源管理法
經濟貿易,能源,現行,經濟部能源局組織條例
經濟貿易,能源,現行,電業法
經濟貿易,能源,廢止,海域石油礦探採條例
經濟貿易,公營事業,現行,公營大眾捷運股份有限公司設置管理條例
經濟貿易,公營事業,現行,公營事業移轉民營條例
經濟貿易,公營事業,現行,民營公用事業監督條例
經濟貿易,公營事業,現行,國營事業管理法
經濟貿易,公營事業,廢止,財政部各區鹽務管理局組織條例
經濟貿易,公營事業,廢止,財政部各區鹽務辦事處組織條例
經濟貿易,公營事業,廢止,財政部鹽務總局組織法
經濟貿易,公營事業,廢止,鹽政條例
經濟貿易,公平交易,現行,公平交易委員會組織法
經濟貿易,公平交易,現行,公平交易法
經濟貿易,公平交易,廢止,行政院公平交易委員會組織條例
經濟貿易,公平交易,廢止,取締棉花攙水攙雜暫行條例
經濟貿易,消費保護,現行,消費者保護法
經濟貿易,經濟政務,現行,中華經濟研究院設置條例
經濟貿易,經濟政務,現行,經濟部組織法
交通建設,鐵路,現行,市區道路條例
交通建設,鐵路,現行,交通部臺灣鐵路管理局組織條例
交通建設,鐵路,現行,交通部臺灣鐵路管理局所屬分支機構組織通則
交通建設,鐵路,現行,交通部臺灣鐵路管理局各機廠組織通則
交通建設,鐵路,現行,交通部臺灣鐵路管理局餐旅服務總所組織條例
交通建設,鐵路,現行,交通部臺灣鐵路管理局貨運服務總所組織條例
交通建設,鐵路,現行,鐵路法
交通建設,鐵路,廢止,交通部交通技術標準委員會組織條例
交通建設,公路,現行,公路法
交通建設,公路,現行,交通部公路總局各區監理所組織通則
交通建設,公路,現行,交通部公路總局各區養護工程處組織通則
交通建設,公路,現行,交通部公路總局材料試驗所組織條例
交通建設,公路,現行,交通部公路總局組織條例
交通建設,公路,現行,交通部臺灣區國道高速公路局組織條例
交通建設,公路,現行,停車場法
交通建設,公路,現行,道路交通管理處罰條例
交通建設,公路,廢止,交通部公路總局組織法
交通建設,海運,現行,引水法
交通建設,海運,現行,交通部航政局組織法
交通建設,海運,現行,航業法
交通建設,海運,現行,航路標識條例
交通建設,海運,現行,商港法
交通建設,海運,現行,船員法
交通建設,海運,現行,船舶法
交通建設,海運,現行,船舶登記法
交通建設,海運,廢止,商港條例
交通建設,海運,廢止,船舶無線電台條例
交通建設,空運,現行,民用航空法
交通建設,空運,現行,交通部民用航空局民航人員訓練所組織條例
交通建設,空運,現行,交通部民用航空局所屬航空站組織通則
交通建設,空運,現行,交通部民用航空局飛航服務總臺組織條例
交通建設,空運,現行,交通部民用航空局組織條例
交通建設,空運,現行,飛航安全調查委員會組織法
交通建設,空運,現行,飛航事故調查法
交通建設,空運,現行,國際機場園區發展條例
交通建設,空運,現行,國營國際機場園區股份有限公司設置條例
交通建設,空運,廢止,造船獎勵條例
交通建設,郵政,現行,中華郵政股份有限公司設置條例
交通建設,郵政,現行,交通部郵電事業人員退休撫卹條例
交通建設,郵政,現行,郵政法
交通建設,郵政,現行,郵政儲金匯兌法
交通建設,郵政,廢止,交通部郵政總局組織法
交通建設,郵政,廢止,交通部郵政總局郵區管理局組織通則
交通建設,郵政,廢止,郵政國內匯兌法
交通建設,郵政,廢止,郵政儲金法
交通建設,郵政,廢止,郵政儲金匯業局組織法
交通建設,郵政,廢止,戡亂時期郵電抽查條例
交通建設,電信,現行,通訊傳播基本法
交通建設,電信,現行,國家通訊傳播委員會組織法
交通建設,電信,現行,電信法
交通建設,電信,廢止,中華電信股份有限公司條例
交通建設,電信,廢止,交通部電信總局所屬各區電信管理局組織通則
交通建設,電信,廢止,交通部電信總局組織條例
交通建設,營建,現行,下水道法
交通建設,營建,現行,大眾運輸工具播音語言平等保障法
交通建設,營建,現行,內政部建築研究所組織法
交通建設,營建,現行,內政部營建署組織條例
交通建設,營建,現行,公寓大廈管理條例
交通建設,營建,現行,共同管道法
交通建設,營建,現行,住宅法
交通建設,營建,現行,建築法
交通建設,營建,現行,建築師法
交通建設,營建,現行,都市更新條例
交通建設,營建,現行,都市計畫法
交通建設,營建,現行,區域計畫法
交通建設,營建,現行,新市鎮開發條例
交通建設,營建,現行,營造業法
交通建設,營建,廢止,內政部建築研究所組織條例
交通建設,營建,廢止,國民住宅條例
交通建設,工程管理,現行,工程受益費徵收條例
交通建設,工程管理,現行,行政院公共工程委員會組織條例
交通建設,工程管理,現行,技師法
交通建設,運輸規劃,現行,大眾捷運法
交通建設,運輸規劃,現行,交通部運輸研究所組織條例
交通建設,運輸規劃,現行,發展大眾運輸條例
交通建設,港埠,現行,交通部花蓮港務局組織條例
交通建設,港埠,現行,交通部花蓮港務局棧埠管理處組織條例
交通建設,港埠,現行,交通部花蓮港務局港埠工程處組織條例
交通建設,港埠,現行,交通部高雄港務局各地辦事處組織通則
交通建設,港埠,現行,交通部高雄港務局安平港分局組織條例
交通建設,港埠,現行,交通部高雄港務局組織條例
交通建設,港埠,現行,交通部高雄港務局船舶機械修造工廠組織條例
交通建設,港埠,現行,交通部高雄港務局棧埠管理處組織條例
交通建設,港埠,現行,交通部高雄港務局港埠工程處組織條例
交通建設,港埠,現行,交通部基隆港務局組織條例
交通建設,港埠,現行,交通部基隆港務局船舶機械修造工廠組織條例
交通建設,港埠,現行,交通部基隆港務局船舶管理所組織條例
交通建設,港埠,現行,交通部基隆港務局棧埠管理處組織條例
交通建設,港埠,現行,交通部基隆港務局港埠工程處組織條例
交通建設,港埠,現行,交通部基隆港務局臺北港分局組織條例
交通建設,港埠,現行,交通部基隆港務局蘇澳港分局組織條例
交通建設,港埠,現行,交通部臺中港務局組織條例
交通建設,港埠,現行,交通部臺中港務局船舶機械修造工廠組織條例
交通建設,港埠,現行,交通部臺中港務局棧埠管理處組織條例
交通建設,港埠,現行,交通部臺中港務局港埠工程處組織條例
交通建設,港埠,現行,國營港務股份有限公司設置條例
交通建設,交通政務,現行,交通事業人員任用條例
交通建設,交通政務,現行,交通事業人員考成條例
交通建設,交通政務,現行,交通部組織法
交通建設,交通政務,現行,電子票證發行管理條例
交通建設,交通政務,廢止,振興經濟擴大公共建設特別條例
交通建設,交通政務,廢止,擴大公共建設振興經濟暫行條例
勞動人力,勞資關係,現行,勞資爭議處理法
勞動人力,勞資關係,現行,團體協約法
勞動人力,勞動基準,現行,大量解僱勞工保護法
勞動人力,勞動基準,現行,性別工作平等法
勞動人力,勞動基準,現行,勞動契約法
勞動人力,勞動基準,現行,勞動基準法
勞動人力,勞動基準,廢止,最低工資法
勞動人力,勞工福利,現行,勞工保險條例
勞動人力,勞工福利,現行,勞工退休金條例
勞動人力,勞工福利,現行,勞動部勞工保險局組織法
勞動人力,勞工福利,現行,就業保險法
勞動人力,勞工福利,現行,職工福利金條例
勞動人力,勞工福利,廢止,勞工保險局組織條例
勞動人力,勞工福利,廢止,勞工保險監理委員會組織條例
勞動人力,安全衛生,現行,勞動部勞動及職業安全衛生研究所組織法
勞動人力,安全衛生,現行,勞動部職業安全衛生署組織法
勞動人力,安全衛生,現行,勞動檢查法
勞動人力,安全衛生,現行,職業安全衛生法
勞動人力,安全衛生,現行,職業災害勞工保護法
勞動人力,安全衛生,廢止,行政院勞工委員會勞工安全衛生研究所組織條例
勞動人力,人力資源,現行,勞動部勞動力發展署組織法
勞動人力,人力資源,現行,就業服務法
勞動人力,人力資源,現行,職業訓練法
勞動人力,人力資源,廢止,公共服務擴大就業暫行條例
勞動人力,人力資源,廢止,行政院勞工委員會職業訓練局組織條例
勞動人力,人力資源,廢止,行政院勞工委員會職業訓練局職業訓練中心組織通則
勞動人力,人力資源,廢止,職業介紹法
勞動人力,人力資源,廢止,職業訓練金條例
勞動人力,青年輔導,現行,教育部青年發展署組織法
勞動人力,青年輔導,廢止,行政院青年輔導委員會組織條例
勞動人力,勞動政務,現行,勞動部組織法
勞動人力,勞動政務,廢止,行政院勞工委員會組織條例
農業,農糧,現行,行政院農業委員會農糧署組織條例
農業,農糧,現行,行政院農業委員會農糧署各分署組織通則
農業,農糧,現行,肥料管理法
農業,農糧,現行,植物品種及種苗法
農業,農糧,現行,農產品生產及驗證管理法
農業,農糧,現行,糧食管理法
農業,農糧,廢止,農倉業法
農業,農糧,廢止,農倉業法施行條例
農業,漁業,現行,行政院農業委員會漁業署組織條例
農業,漁業,現行,投資經營非我國籍漁船管理條例
農業,漁業,現行,遠洋漁業條例
農業,漁業,現行,漁港法
農業,漁業,現行,漁業法
農業,畜牧,現行,畜牧法
農業,畜牧,現行,動物用藥品管理法
農業,畜牧,現行,動物保護法
農業,畜牧,現行,野生動物保育法
農業,畜牧,現行,飼料管理法
農業,畜牧,現行,獸醫師法
農業,畜牧,廢止,蠶種製造條例
農業,農民輔導,現行,老年農民福利津貼暫行條例
農業,農民輔導,現行,耕地三七五減租條例
農業,農民輔導,現行,農民健康保險條例
農業,農民輔導,現行,農田水利會組織通則
農業,農民輔導,現行,農村再生條例
農業,農民輔導,廢止,實施耕者有其田條例
農業,農漁金融,現行,行政院農業委員會農業金融局組織條例
農業,農漁金融,現行,農產品市場交易法
農業,防檢檢疫,現行,行政院農業委員會動植物防疫檢疫局組織條例
農業,防檢檢疫,現行,行政院農業委員會動植物防疫檢疫局所屬各分局組織通則
農業,防檢檢疫,現行,動物傳染病防治條例
農業,防檢檢疫,現行,植物防疫檢疫法
農業,防檢檢疫,廢止,內政部檢疫所組織條例
農業,防檢檢疫,廢止,東南鼠疫防治處組織條例
農業,農業政務,現行,農地重劃條例
農業,農業政務,現行,農村社區土地重劃條例
農業,農業政務,現行,農業科技園區設置管理條例
農業,農業政務,現行,農藥管理法
農業,農業政務,廢止,經濟部農業局組織條例
農業,農業政務,廢止,農林事業人員任用條例
農業,農業政策,現行,農業發展條例
衛生社福,醫政,現行,人體生物資料庫管理條例
衛生社福,醫政,現行,人體研究法
衛生社福,醫政,現行,人體器官移植條例
衛生社福,醫政,現行,心理師法
衛生社福,醫政,現行,牙體技術師法
衛生社福,醫政,現行,助產人員法
衛生社福,醫政,現行,罕見疾病防治及藥物法
衛生社福,醫政,現行,呼吸治療師法
衛生社福,醫政,現行,物理治療師法
衛生社福,醫政,現行,長期照顧服務法
衛生社福,醫政,現行,解剖屍體條例
衛生社福,醫政,現行,精神衛生法
衛生社福,醫政,現行,緊急醫療救護法
衛生社福,醫政,現行,語言治療師法
衛生社福,醫政,現行,職能治療師法
衛生社福,醫政,現行,醫事人員人事條例
衛生社福,醫政,現行,醫事放射師法
衛生社福,醫政,現行,醫事檢驗師法
衛生社福,醫政,現行,醫師法
衛生社福,醫政,現行,醫療法
衛生社福,醫政,現行,護理人員法
衛生社福,醫政,現行,聽力師法
衛生社福,醫政,現行,驗光人員法
衛生社福,醫政,廢止,中央原子醫學實驗院組織條例
衛生社福,醫政,廢止,促進醫療服務業發展條例
衛生社福,醫政,廢止,眼角膜移植條例
衛生社福,醫政,廢止,獎勵醫藥技術條例
衛生社福,藥政,現行,化粧品衛生管理條例
衛生社福,藥政,現行,生技新藥產業發展條例
衛生社福,藥政,現行,血液製劑條例
衛生社福,藥政,現行,衛生福利部食品藥物管理署組織法
衛生社福,藥政,現行,藥事法
衛生社福,藥政,現行,藥害救濟法
衛生社福,藥政,現行,藥師法
衛生社福,藥政,廢止,中央生物化學製藥實驗處組織條例
衛生社福,藥政,廢止,內政部藥品供應處組織條例
衛生社福,藥政,廢止,行政院衛生署藥物食品檢驗局組織條例
衛生社福,食品衛生,現行,食品安全衛生管理法
衛生社福,食品衛生,現行,健康食品管理法
衛生社福,食品衛生,現行,營養師法
衛生社福,全民健保,現行,全民健康保險法
衛生社福,中醫藥,現行,衛生福利部國家中醫藥研究所組織法
衛生社福,中醫藥,廢止,行政院衛生署中醫藥委員會組織條例
衛生社福,管制藥品,現行,管制藥品管理條例
衛生社福,管制藥品,廢止,行政院衛生署管制藥品管理局組織條例
衛生社福,疾病管制,現行,傳染病防治法
衛生社福,疾病管制,現行,衛生福利部疾病管制署組織法
衛生社福,疾病管制,廢止,中央防疫實驗處組織條例
衛生社福,疾病管制,廢止,內政部黑熱病防治處組織條例
衛生社福,疾病管制,廢止,行政院衛生署疾病管制局組織條例
衛生社福,疾病管制,廢止,行政院衛生署預防醫學研究所組織條例
衛生社福,疾病管制,廢止,行政院衛生署檢疫總所組織條例
衛生社福,疾病管制,廢止,種痘條例
衛生社福,疾病管制,廢止,嚴重急性呼吸道症候群防治及紓困暫行條例
衛生社福,國民健康,現行,口腔健康法
衛生社福,國民健康,現行,菸害防制法
衛生社福,國民健康,現行,衛生福利部國民健康署組織法
衛生社福,國民健康,現行,優生保健法
衛生社福,國民健康,現行,癌症防治法
衛生社福,國民健康,廢止,行政院衛生署國民健康局組織條例
衛生社福,社政,現行,公共場所母乳哺育條例
衛生社福,社政,現行,公益勸募條例
衛生社福,社政,現行,老人福利法
衛生社福,社政,現行,志願服務法
衛生社福,社政,現行,社會工作師法
衛生社福,社政,現行,社會救助法
衛生社福,社政,現行,身心障礙者權益保障法
衛生社福,社政,現行,兒童及少年福利與權益保障法
衛生社福,社政,現行,家庭暴力防治法
衛生社福,社政,現行,特殊境遇家庭扶助條例
衛生社福,社政,現行,國民年金法
衛生社福,社政,現行,衛生福利部社會及家庭署組織法
衛生社福,社政,廢止,內政部兒童局組織條例
衛生社福,社政,廢止,少年福利法
衛生社福,社政,廢止,社會救濟法
衛生社福,社政,廢止,兒童福利法
衛生社福,社政,廢止,原住民敬老福利生活津貼暫行條例
衛生社福,社政,廢止,捐資興辦社會福利事業褒獎條例
衛生社福,社政,廢止,敬老福利生活津貼暫行條例
衛生社福,衛福政務,現行,衛生福利部組織法
衛生社福,衛福政務,廢止,行政院衛生署組織法
衛生社福,衛福政務,廢止,捐資興辦衛生事業褒獎條例
衛生社福,衛福政務,廢止,衛生事業人員任用條例
環境資源,環境評估,現行,環境影響評估法
環境資源,大氣空氣,現行,空氣污染防制法
環境資源,大氣空氣,現行,室內空氣品質管理法
環境資源,大氣空氣,現行,溫室氣體減量及管理法
環境資源,噪音振動,現行,噪音管制法
環境資源,水源水質,現行,水污染防治法
環境資源,水源水質,現行,海洋污染防治法
環境資源,土地品質,現行,土壤及地下水污染整治法
環境資源,廢棄物,現行,資源回收再利用法
環境資源,廢棄物,現行,廢棄物清理法
環境資源,毒物管理,現行,毒性化學物質管理法
環境資源,毒物管理,現行,環境用藥管理法
環境資源,環境衛生,現行,自來水法
環境資源,環境衛生,現行,飲用水管理條例
環境資源,公害糾紛,現行,公害糾紛處理法
環境資源,環境教育,現行,環境教育法
環境資源,核能,現行,行政院原子能委員會放射性物料管理局組織條例
環境資源,核能,現行,行政院原子能委員會核能研究所組織條例
環境資源,核能,現行,行政院原子能委員會組織條例
環境資源,核能,現行,行政院原子能委員會輻射偵測中心組織條例
環境資源,核能,現行,低放射性廢棄物最終處置設施場址設置條例
環境資源,核能,現行,放射性物料管理法
環境資源,核能,現行,原子能法
環境資源,核能,現行,核子反應器設施管制法
環境資源,核能,現行,游離輻射防護法
環境資源,水利,現行,水利法
環境資源,水利,現行,再生水資源發展條例
環境資源,水利,現行,流域綜合治理特別條例
環境資源,水利,現行,經濟部水利署水利規劃試驗所組織條例
環境資源,水利,現行,經濟部水利署各河川局組織通則
環境資源,水利,現行,經濟部水利署各區水資源局組織通則
環境資源,水利,現行,經濟部水利署組織條例
環境資源,水利,現行,經濟部水利署臺北水源特定區管理局組織條例
環境資源,水利,廢止,水患治理特別條例
環境資源,水利,廢止,石門水庫及其集水區整治特別條例
環境資源,水利,廢止,基隆河流域整治特別條例
環境資源,水利,廢止,曾文南化烏山頭水庫治理及穩定南部地區供水特別條例
環境資源,水利,廢止,經濟部水資源局組織條例
環境資源,水利,廢止,經濟部水資源統一規劃委員會組織條例
環境資源,水利,廢止,興辦水利事業獎勵條例
環境資源,礦業地質,現行,土石採取法
環境資源,礦業地質,現行,地質法
環境資源,礦業地質,現行,溫泉法
環境資源,礦業地質,現行,經濟部中央地質調查所組織條例
環境資源,礦業地質,現行,礦場安全法
環境資源,礦業地質,現行,礦業法
環境資源,礦業地質,廢止,礦場法
環境資源,國土計畫,現行,土地法
環境資源,國土計畫,現行,土地法施行法
環境資源,國土計畫,現行,平均地權條例
環境資源,國土計畫,現行,國土計畫法
環境資源,地政,現行,土地徵收條例
環境資源,地政,現行,山坡地保育利用條例
環境資源,地政,現行,不動產估價師法
環境資源,地政,現行,不動產經紀業管理條例
環境資源,地政,現行,地政士法
環境資源,地政,現行,地籍清理條例
環境資源,地政,現行,國土測繪法
環境資源,地政,廢止,水陸地圖審查條例
環境資源,地政,廢止,測量標設置保護條例
環境資源,生態保育,現行,國家公園法
環境資源,生態保育,現行,濕地保育法
環境資源,生態保育,廢止,國家公園管理處組織通則
環境資源,氣象,現行,交通部中央氣象局附屬氣象測報機構組織通則
環境資源,氣象,現行,交通部中央氣象局組織條例
環境資源,氣象,現行,氣象法
環境資源,林業,現行,原住民保留地禁伐補償及造林回饋條例
環境資源,林業,現行,森林法
環境資源,水土保持,現行,水土保持法
環境資源,水土保持,現行,行政院農業委員會水土保持局組織法
環境資源,環境政務,現行,行政院環境保護署組織條例
環境資源,環境政務,現行,行政院環境保護署環境檢驗所組織條例
環境資源,環境政務,現行,行政院環境保護署環境保護人員訓練所組織條例
環境資源,環境政務,廢止,中央衛生實驗院組織條例
環境資源,環境政務,廢止,行政院衛生署環境保護局組織條例
環境資源,環境政策,現行,環境基本法
文化觀光,文化資產,現行,文化部文化資產局組織法
文化觀光,文化資產,現行,文化資產保存法
文化觀光,文化資產,現行,水下文化資產保存法
文化觀光,文化資產,廢止,中央古物保管委員會組織條例
文化觀光,文化資產,廢止,古物保存法
文化觀光,文化設施,現行,國立中正紀念堂管理處組織法
文化觀光,文化設施,現行,國立故宮博物院組織法
文化觀光,文化設施,現行,國立國父紀念館組織法
文化觀光,文化設施,現行,國立傳統藝術中心組織法
文化觀光,文化設施,現行,國立臺灣工藝研究發展中心組織法
文化觀光,文化設施,現行,國立臺灣史前文化博物館組織法
文化觀光,文化設施,現行,國立臺灣美術館組織法
文化觀光,文化設施,現行,國立臺灣博物館組織法
文化觀光,文化設施,現行,國立歷史博物館組織法
文化觀光,文化設施,現行,國家表演藝術中心設置條例
文化觀光,文化設施,廢止,國立中正紀念堂管理處組織條例
文化觀光,文化設施,廢止,國立國父紀念館組織條例
文化觀光,文化設施,廢止,國立歷史博物館組織條例
文化觀光,文化設施,廢止,國立邊疆文化教育館組織條例
文化觀光,藝術發展,現行,文化部影視及流行音樂產業局組織法
文化觀光,藝術發展,現行,文化藝術獎助條例
文化觀光,文創發展,現行,文化創意產業發展法
文化觀光,電影,現行,電影法
文化觀光,電影,廢止,電影檢查法
文化觀光,電視廣播,現行,公共電視法
文化觀光,電視廣播,現行,有線廣播電視法
文化觀光,電視廣播,現行,廣播電視法
文化觀光,電視廣播,現行,衛星廣播電視法
文化觀光,出版,現行,出版法
文化觀光,出版,現行,出版獎助條例
文化觀光,觀光,現行,交通部觀光局組織條例
文化觀光,觀光,現行,國家風景區管理處組織通則
文化觀光,觀光,現行,發展觀光條例
文化觀光,文化政務,現行,文化部組織法
文化觀光,文化政務,廢止,行政院文化建設委員會組織條例
文化觀光,文化政務,廢止,教育部文化局組織條例
國家發展,憲政議題,現行,中華民國憲法
國家發展,憲政議題,現行,中華民國憲法增修條文
國家發展,憲政議題,現行,訓政結束程序法
國家發展,憲政議題,現行,憲法實施之準備程序
國家發展,憲政議題,廢止,動員戡亂時期臨時條款
國家發展,政治體制,現行,戒嚴法
國家發展,黨政關係,現行,政黨及其附隨組織不當取得財產處理條例
國家發展,經濟建設,現行,花東地區發展條例
國家發展,經濟建設,現行,產業創新條例
國家發展,經濟建設,現行,離島建設條例
國家發展,經濟建設,廢止,行政院經濟建設委員會組織條例
國家發展,經濟建設,廢止,促進產業升級條例
國家發展,管制考核,現行,行政院研究發展考核委員會組織條例
國家發展,檔案管理,現行,公文程式條例
國家發展,檔案管理,現行,國家發展委員會檔案管理局組織法
國家發展,檔案管理,現行,檔案法
國家發展,檔案管理,廢止,檔案管理局組織條例
國家發展,政府資訊,現行,千禧年資訊年序爭議處理法
國家發展,政府資訊,現行,政府資訊公開法
國家發展,國發政務,現行,國家發展委員會組織法
科技,科技研發,現行,科學技術基本法
科技,科技研發,現行,財團法人國家實驗研究院設置條例
科技,科學園區,現行,科技部中部科學工業園區管理局組織法
科技,科學園區,現行,科技部南部科學工業園區管理局組織法
科技,科學園區,現行,科技部新竹科學工業園區管理局組織法
科技,科學園區,現行,科學工業園區設置管理條例
科技,科學園區,廢止,行政院國家科學委員會中部科學工業園區管理局組織法
科技,科學園區,廢止,南部科學工業園區管理局組織條例
科技,科學園區,廢止,科學工業園區管理局組織條例
科技,科技政務,現行,科技部組織法
科技,科技政務,廢止,行政院國家科學委員會組織條例
科技,科技政務,廢止,國家資通安全科技中心設置條例
海洋,海域安全,現行,行政院海岸巡防署海岸巡防總局各地區巡防局組織通則
海洋,海域安全,現行,行政院海岸巡防署海岸巡防總局組織條例
海洋,海域安全,現行,行政院海岸巡防署海洋巡防總局組織條例
海洋,海域安全,現行,行政院海岸巡防署組織法
海洋,海域安全,現行,海岸巡防法
海洋,海域安全,現行,海岸巡防機關器械使用條例
海洋,海域安全,現行,海洋委員會海巡署組織法
海洋,海洋事務,現行,中華民國專屬經濟海域及大陸礁層法
海洋,海洋事務,現行,海洋委員會海洋保育署組織法
海洋,海洋事務,現行,海洋委員會組織法
海洋,海洋政策,現行,海岸管理法
海洋,海洋政策,現行,國家海洋研究院組織法
原住民族,原民文教,現行,行政院原住民族委員會文化園區管理局組織條例
原住民族,原民文教,現行,原住民族委員會原住民族文化發展中心組織法
原住民族,原民文教,現行,原住民族教育法
原住民族,原民文教,現行,原住民族傳統智慧創作保護條例
原住民族,原民權利,現行,原住民身分法
原住民族,原民權利,現行,原住民族工作權保障法
原住民族,原民權利,現行,原住民族基本法
原住民族,原民事務,現行,原住民族委員會組織法
原住民族,原民事務,廢止,行政院原住民族委員會組織條例
客家,客家文教,現行,客家委員會客家文化發展中心組織法
客家,客家事務,現行,客家委員會組織法
客家,客家事務,廢止,行政院客家委員會組織條例
客家,客家政策,現行,客家基本法
主計,預算,現行,預算法
主計,預算,廢止,中央政府預算執行暫行條例
主計,預算,廢止,中華民國七十一年度中央政府總預算施行條例
主計,預算,廢止,中華民國七十七年度中央政府總預算執行條例
主計,預算,廢止,中華民國七十九年度中央政府總預算執行條例
主計,預算,廢止,中華民國七十二年度中央政府總預算執行條例
主計,預算,廢止,中華民國七十八年度中央政府總預算執行條例
主計,預算,廢止,中華民國七十三年度中央政府總預算執行條例
主計,預算,廢止,中華民國七十五年度中央政府總預算執行條例
主計,預算,廢止,中華民國七十六年度中央政府總預算執行條例
主計,預算,廢止,中華民國七十四年度中央政府總預算執行條例
主計,預算,廢止,中華民國七十年度中央政府總預算施行條例
主計,預算,廢止,中華民國八十一年度中央政府總預算執行條例
主計,預算,廢止,中華民國八十二年度中央政府總預算執行條例
主計,預算,廢止,中華民國八十三年度中央政府總預算執行條例
主計,預算,廢止,中華民國八十年度中央政府總預算執行條例
主計,預算,廢止,中華民國五十七年度中央政府總預算施行條例
主計,預算,廢止,中華民國五十九年度中央政府總預算施行條例
主計,預算,廢止,中華民國五十二年度中央政府總預算施行條例
主計,預算,廢止,中華民國五十八年度中央政府總預算施行條例
主計,預算,廢止,中華民國五十三年度中央政府總預算施行條例
主計,預算,廢止,中華民國五十五年度中央政府總預算施行條例
主計,預算,廢止,中華民國五十六年度中央政府總預算施行條例
主計,預算,廢止,中華民國五十四年度中央政府總預算施行條例
主計,預算,廢止,中華民國六十一年度中央政府總預算施行條例
主計,預算,廢止,中華民國六十七年度中央政府總預算施行條例
主計,預算,廢止,中華民國六十九年度中央政府總預算施行條例
主計,預算,廢止,中華民國六十二年度中央政府總預算施行條例
主計,預算,廢止,中華民國六十八年度中央政府總預算施行條例
主計,預算,廢止,中華民國六十三年度中央政府總預算施行條例
主計,預算,廢止,中華民國六十五年度中央政府總預算施行條例
主計,預算,廢止,中華民國六十六年度中央政府總預算施行條例
主計,預算,廢止,中華民國六十四年度中央政府總預算施行條例
主計,預算,廢止,中華民國六十年度中央政府總預算施行條例
主計,決算,現行,決算法
主計,會計,現行,會計法
主計,會計,現行,會計師法
主計,全國統計,現行,統計法
主計,主計事務,現行,主計機構人員設置管理條例
主計,主計事務,現行,行政院主計處組織法
主計,主計事務,現行,行政院主計處電子處理資料中心組織條例
主計,主計事務,現行,行政院主計總處組織法
主計,主計事務,廢止,主計人員任用條例
主計,主計事務,廢止,地方政府暨所屬機關主計機構及人員設置條例
主計,主計事務,廢止,行政院主計處設置各機關歲計會計統計人員條例
人事其他,組織編制,現行,中央行政機關組織基準法
人事其他,組織編制,現行,中央政府機關總員額法
人事其他,組織編制,現行,中央研究院組織法
人事其他,組織編制,現行,中華民國總統府組織法
人事其他,組織編制,現行,公務人員升官等考試法
人事其他,組織編制,現行,公務人員考試法
人事其他,組織編制,現行,公務人員保障暨培訓委員會組織法
人事其他,組織編制,現行,公務員懲戒委員會組織法
人事其他,組織編制,現行,少年及家事法院組織法
人事其他,組織編制,現行,司法院組織法
人事其他,組織編制,現行,立法院各委員會組織法
人事其他,組織編制,現行,立法院組織法
人事其他,組織編制,廢止,中央研究院評議會條例
人事其他,組織編制,廢止,公務人力發展中心組織條例
人事其他,組織編制,廢止,公務人員住宅及福利委員會組織條例
人事其他,組織編制,廢止,分類職位公務人員考試典試法
人事其他,組織編制,廢止,外國人應專門職業及技術人員考試條例
人事其他,組織編制,廢止,行政院人事行政局地方行政研習中心組織條例
人事其他,組織編制,廢止,行政院人事行政局組織條例
人事其他,國內新聞,現行,公務人員協會法
人事其他,國內新聞,廢止,新聞記者法
人事其他,人事事務,現行,人事管理條例
人事其他,人事事務,現行,公務人員行政中立法
人事其他,人事事務,現行,行政院人事行政總處公務人力發展中心組織法
人事其他,人事事務,現行,行政院人事行政總處組織法
人事其他,人事事務,現行,宣誓條例
總統,總統職權,現行,印信條例
總統,總統職權,現行,勳章條例
總統,總統職權,廢止,稽勳委員會組織條例
總統,總統禮遇,現行,卸任總統副總統禮遇條例
總統,總統禮遇,現行,特種勤務條例
總統,總統禮遇,現行,總統副總統待遇支給條例
總統,國史館,現行,國史館組織條例
總統,國史館,現行,國史館臺灣文獻館組織條例
總統,國史館,現行,總統副總統文物管理條例
總統,國家安全,現行,國家安全局組織法
總統,國家安全,現行,國家安全法
總統,國家安全,現行,國家安全會議組織法
總統,國家安全,現行,國家情報工作法
總統,國家安全,現行,國家機密保護法
總統,總統其他,現行,三一九槍擊事件真相調查特別委員會條例
總統,總統其他,現行,國父陵園管理委員會組織條例
總統,總統其他,現行,總統副總統及特任人員月俸公費支給暫行條例
總統,總統其他,現行,總統副總統宣誓條例
總統,總統其他,廢止,國策顧問委員會組織條例
立法,立院職權,現行,立法委員行為法
立法,立院職權,現行,立法院職權行使法
立法,國會,現行,國民大會同意權行使法
立法,國會,現行,國民大會組織法
立法,國會,現行,國民大會職權行使法
立法,國會,現行,第一屆資深中央民意代表自願退職條例
立法,國會,廢止,國民大會代表報酬及費用支給條例
立法,國會,廢止,第一屆國民大會代表出缺遞補補充條例
立法,立法行政,現行,立法委員暨監察委員歲費公費支給暫行條例
司法,大法官,現行,司法院大法官審理案件法
司法,法院,現行,行政法院組織法
司法,法院,現行,法院組織法
司法,法院,現行,最高法院設置分庭條例
司法,司法行政,現行,司法人員人事條例
司法,司法行政,現行,法官法
司法,司法行政,現行,法官學院組織法
考試,任免升遷,現行,公務人員任用法
考試,任免升遷,現行,公務人員陞遷法
考試,任免升遷,現行,專門職業及技術人員轉任公務人員條例
考試,任免升遷,現行,聘用人員聘用條例
考試,任免升遷,現行,審計人員任用條例
考試,任免升遷,廢止,公務人員升等考試法（民國37年）
考試,任免升遷,廢止,公務人員任用法（民國37年）
考試,任免升遷,廢止,分類職位公務人員任用法
考試,任免升遷,廢止,技術人員任用條例
考試,任免升遷,廢止,派用人員派用條例
考試,考試分發,現行,典試法
考試,考試分發,現行,專門職業及技術人員考試法
考試,考試分發,現行,監試法
考試,考試分發,廢止,分類職位公務人員考試法
考試,考試分發,廢止,考試法
考試,考試分發,廢止,典試法（民國24年）
考試,考試分發,廢止,非常時期特種考試暫行條例
考試,考試分發,廢止,省縣公職候選人考試法
考試,考試分發,廢止,特種考試邊區行政人員考試條例
考試,考試分發,廢止,縣長考試條例
考試,考核獎懲,現行,公務人員考績法
考試,考核獎懲,現行,公務員懲戒法
考試,考核獎懲,廢止,公務人員考績法（民國37年）
考試,考核獎懲,廢止,分類職位公務人員考績法
考試,考核獎懲,廢止,反共抗俄立功人員獎敘條例
考試,考核獎懲,廢止,邊遠地區服務人員獎勵條例
考試,訓練進修,現行,公務人員訓練進修法
考試,訓練進修,現行,行政院人事行政總處地方行政研習中心組織法
考試,人才培育,現行,國家文官學院組織法
考試,人才培育,廢止,公務員進修及考察選送條例
考試,待遇福利,現行,公務人員退休法
考試,待遇福利,現行,公務人員俸給法
考試,待遇福利,現行,公教人員保險法
考試,待遇福利,廢止,公務人員俸給法（民國37年）
考試,待遇福利,廢止,公務人員眷屬疾病保險條例
考試,待遇福利,廢止,分類職位公務人員俸給法
考試,待遇福利,廢止,政務人員退職酬勞金給與條例
考試,退休撫卹,現行,公務人員撫卹法
考試,退休撫卹,現行,政務人員退職撫卹條例
考試,考試行政,現行,公務人員交代條例
考試,考試行政,現行,公務人員保障法
考試,考試行政,現行,公務員服務法
考試,考試行政,現行,考試院組織法
考試,考試行政,現行,考銓處組織條例
考試,考試行政,現行,考選部組織法
考試,考試行政,現行,銓敘部組織法
考試,考試行政,廢止,公務職位分類法
監察,調查巡察,現行,監察法
監察,審計,現行,審計法
監察,審計,現行,審計部組織法
監察,審計,現行,審計處室組織通則
監察,財產申報,現行,公職人員財產申報法
監察,利益迴避,現行,公職人員利益衝突迴避法
監察,政治獻金,現行,政治獻金法
監察,遊說,現行,遊說法
監察,監察行政,現行,監察院各委員會組織法
監察,監察行政,現行,監察院組織法
監察,監察行政,現行,監察院監察委員行署組織條例
